HDFC210423249,210423102579,VCF0902,09,01,TVP-NAG-RTGS-HDFC,1428476.69,21-Apr-2023,NA,V,HDFB,TT,OTH,MARSL29900120123100218,/,
HDFC210423249,FDRLR52023042133378216,VCF0908,09,01,TVP-NAG-RTGS-HDFC,16913788.15,21-Apr-2023,NA,V,FDRL,TT,OTH,MARSL29900120123100211,/,
HDFC210423249,FDRLR52023042133378237,VCF0909,09,01,TVP-NAG-RTGS-HDFC,9394859.99,21-Apr-2023,NA,V,FDRL,TT,OTH,MARSL29900120123100212,/,
HDFC210423249,FDRLR52023042133378431,VCF0909,09,01,TVP-NAG-RTGS-HDFC,1676496.69,21-Apr-2023,NA,V,FDRL,TT,OTH,MARSL29900120123100221,/,
HDFC210423249,SBINR12023042144912340,VCF0905,09,01,TVP-NAG-RTGS-HDFC,2063905.72,21-Apr-2023,NA,V,SBIN,TT,OTH,MARSL29900120123100205,/,
HDFC210423249,SBINR12023042144912400,VCF0905,09,01,TVP-NAG-RTGS-HDFC,8133337.06,21-Apr-2023,NA,V,SBIN,TT,OTH,MARSL29900120123100204,/,
HDFC210423249,UTIBR52023042100732138,VCFXY01,XY,01,TVP-NAG-RTGS-HDFC,3471298.58,21-Apr-2023,NA,V,UTIB,TT,OTH,MARSL29900120123100215,/,
HDFC210423249,UTIBR52023042100732139,VCFXYNA,XY,01,TVP-NAG-RTGS-HDFC,4899272.15,21-Apr-2023,NA,V,UTIB,TT,OTH,MARSL29900120123100217,/,
HDFC210423249,UTIBR52023042100732140,VCF0904,09,01,TVP-NAG-RTGS-HDFC,8522092.66,21-Apr-2023,NA,V,UTIB,TT,OTH,MARSL29900120123100203,/,
HDFC210423249,UTIBR52023042100732141,VCFBWZ1,BWZ,01,TVP-NAG-RTGS-HDFC,5178005.09,21-Apr-2023,NA,V,UTIB,TT,OTH,MARSL29900120123100216,/,
HDFC210423249,UTIBR52023042100732142,VCF09NA,09,01,TVP-NAG-RTGS-HDFC,595462.23,21-Apr-2023,NA,V,UTIB,TT,OTH,MARSL29900120123100206,/,
HDFC210423249,UTIBR52023042100732143,VCF0904,09,01,TVP-NAG-RTGS-HDFC,5853857.65,21-Apr-2023,NA,V,UTIB,TT,OTH,MARSL29900120123100213,/,
HDFC210423249,UTIBR52023042100732144,VCF0904,09,01,TVP-NAG-RTGS-HDFC,991564.46,21-Apr-2023,NA,V,UTIB,TT,OTH,MARSL29900120123100214,/,
