HDFC210423255,304217225394,VCF02NC,02,01,TVP-NAG-RTGS-HDFC,1694357.47,21-Apr-2023,NA,V,,TT,OTH,MARBNG9900120923613972,/,
HDFC210423255,304217225486,VCF1427,14,01,TVP-NAG-RTGS-HDFC,3001721.05,21-Apr-2023,NA,V,,TT,OTH,MARBNG9900120923613954,/,
HDFC210423255,304217243201,VCFA802,A8,01,TVP-NAG-RTGS-HDFC,5335224.57,21-Apr-2023,NA,V,,TT,OTH,MARBNG9900120923613962,/,
HDFC210423255,304217243367,VCF02NL,02,01,TVP-NAG-RTGS-HDFC,865437.24,21-Apr-2023,NA,V,,TT,OTH,MARBNG9900120923613974,/,
HDFC210423255,FDRLR52023042133378777,VCF4206,42,01,TVP-NAG-RTGS-HDFC,1052590.57,21-Apr-2023,NA,V,,TT,OTH,MARBNG9900120923613999,/,
HDFC210423255,FDRLR52023042133378783,VCFS603,S6,01,TVP-NAG-RTGS-HDFC,3518529.50,21-Apr-2023,NA,V,,TT,OTH,MARBNG9900120923613988,/,
HDFC210423255,ICICR52023042100241006,VCFA303,A3,01,TVP-NAG-RTGS-HDFC,1306595.62,21-Apr-2023,NA,V,,TT,OTH,MARBNG9900120923613913,/,
HDFC210423255,ICICR52023042100241010,VCF4108,41,01,TVP-NAG-RTGS-HDFC,1476922.67,21-Apr-2023,NA,V,,TT,OTH,MARBNG9900120923613929,/,
HDFC210423255,SBINR12023042144944433,VCFS503,S5,01,TVP-NAG-RTGS-HDFC,531730.29,21-Apr-2023,NA,V,,TT,OTH,MARBNG9900120923613963,/,
