HDFC210423250,SBINR12023042144915547,VCFW701,W7,01,TVP-NAG-RTGS-HDFC,3851328.42,21-Apr-2023,NA,V,,TT,OTH,HDFCIN9900120923427947,/,
HDFC210423250,SBINR12023042144917018,VCFW701,W7,01,TVP-NAG-RTGS-HDFC,2210146.91,21-Apr-2023,NA,V,,TT,OTH,HDFCIN9900120923427951,/,
HDFC210423250,SBINR12023042144917801,VCF1004,10,01,TVP-NAG-RTGS-HDFC,5963889.53,21-Apr-2023,NA,V,,TT,OTH,HDFCIN9900120923427899,/,
HDFC210423250,SBINR12023042144917823,VCFK6NC,K6,01,TVP-NAG-RTGS-HDFC,9371272.81,21-Apr-2023,NA,V,,TT,OTH,HDFCIN9900120923427897,/,
HDFC210423250,SBINR12023042144917826,VCF1006,10,01,TVP-NAG-RTGS-HDFC,6124019.55,21-Apr-2023,NA,V,,TT,OTH,HDFCIN9900120923427900,/,
HDFC210423250,SBINR12023042144919199,VCF1010,10,01,TVP-NAG-RTGS-HDFC,6170569.53,21-Apr-2023,NA,V,,TT,OTH,HDFCIN9900120923427901,/,
HDFC210423250,SBINR12023042144920172,VCF10NB,10,01,TVP-NAG-RTGS-HDFC,10743151.10,21-Apr-2023,NA,V,,TT,OTH,HDFCIN9900120923427903,/,
HDFC210423250,SBINR12023042144920950,VCF1012,10,01,TVP-NAG-RTGS-HDFC,5778142.32,21-Apr-2023,NA,V,,TT,OTH,HDFCIN9900120923427902,/,
HDFC210423250,SBINR12023042144921713,VCFK6NC,K6,01,TVP-NAG-RTGS-HDFC,3967201.62,21-Apr-2023,NA,V,,TT,OTH,HDFCIN9900120923427905,/,
HDFC210423250,SBINR12023042144921766,VCFN603,N6,01,TVP-NAG-RTGS-HDFC,1707450.89,21-Apr-2023,NA,V,,TT,OTH,HDFCIN9900120923427904,/,
HDFC210423250,UBINR22023042101981358,VCF2008,20,01,TVP-NAG-RTGS-HDFC,4418855.35,21-Apr-2023,NA,V,,TT,OTH,HDFCIN9900120923427948,/,
