HDFC210423248,SBINR12023042144890520,VCFA303,A3,01,TVP-NAG-RTGS-HDFC,2781231.19,21-Apr-2023,NA,V,,TT,OTH,MARBNG9900120923613918,/,
HDFC210423248,SBINR12023042144912316,VCFC7NA,C7,01,TVP-NAG-RTGS-HDFC,713172.23,21-Apr-2023,NA,V,,TT,OTH,MARBNG9900120923613928,/,
HDFC210423248,SBINR12023042144912489,VCFK4NA,K4,01,TVP-NAG-RTGS-HDFC,2250335.90,21-Apr-2023,NA,V,,TT,OTH,MARBNG9900120923613917,/,
HDFC210423248,UTIBR52023042100731957,VCF41NB,41,01,TVP-NAG-RTGS-HDFC,2052401.48,21-Apr-2023,NA,V,,TT,OTH,MARBNG9900120923613911,/,
HDFC210423248,UTIBR52023042100732033,VCFA303,A3,01,TVP-NAG-RTGS-HDFC,648297.80,21-Apr-2023,NA,V,,TT,OTH,MARBNG9900120923613916,/,
HDFC210423248,UTIBR52023042100732152,VCFC802,C8,01,TVP-NAG-RTGS-HDFC,2874944.97,21-Apr-2023,NA,V,,TT,OTH,MARBNG9900120923613920,/,
