HDFC210423254,FT1115850615,VCFC501,C5,01,TVP-NAG-RTGS-HDFC,8079955.61,21-Apr-2023,NA,V,,TT,OTH,HDFCIN9900120923427944,/,
HDFC210423254,INDBR32023042100609275,VCF2004,20,01,TVP-NAG-RTGS-HDFC,2845511.15,21-Apr-2023,NA,V,,TT,OTH,HDFCIN9900120923427892,/,
HDFC210423254,INDBR32023042100609280,VCF2004,20,01,TVP-NAG-RTGS-HDFC,3266748.70,21-Apr-2023,NA,V,,TT,OTH,HDFCIN9900120923427952,/,
HDFC210423254,INDBR32023042100609322,VCF2007,20,01,TVP-NAG-RTGS-HDFC,4800398.36,21-Apr-2023,NA,V,,TT,OTH,HDFCIN9900120923427893,/,
HDFC210423254,SBINR12023042144941094,VCFF201,F2,01,TVP-NAG-RTGS-HDFC,3173263.77,21-Apr-2023,NA,V,,TT,OTH,HDFCIN9900120923427958,/,
