HDFC210423246,304216738914,VCF1493,14,01,TVP-NAG-RTGS-HDFC,1601435.97,21-Apr-2023,NA,V,,TT,OTH,MARBNG9900120923613893,/,
HDFC210423246,CIUBR52023042100400408,VCFE702,E7,01,TVP-NAG-RTGS-HDFC,785502.53,21-Apr-2023,NA,V,,TT,OTH,MARBNG9900120923613789,/,
HDFC210423246,CIUBR52023042100400428,VCFE702,E7,01,TVP-NAG-RTGS-HDFC,1571005.06,21-Apr-2023,NA,V,,TT,OTH,MARBNG9900120923613788,/,
HDFC210423246,SBINR12023042144872646,VCFX401,X4,01,TVP-NAG-RTGS-HDFC,2981721.41,21-Apr-2023,NA,V,,TT,OTH,MARBNG9900120923613901,/,
HDFC210423246,UTIBR52023042100731899,VCF0293,02,01,TVP-NAG-RTGS-HDFC,4960498.58,21-Apr-2023,NA,V,,TT,OTH,MARBNG9900120923613597,/,
