HDFC210423252,304217101870,VCFA203,A2,01,TVP-NAG-RTGS-HDFC,8868127.07,21-Apr-2023,NA,V,,TT,OTH,MARBNG9900120923613939,/,
HDFC210423252,304217102443,VCFA2NA,A2,01,TVP-NAG-RTGS-HDFC,956552.86,21-Apr-2023,NA,V,,TT,OTH,MARBNG9900120923613952,/,
HDFC210423252,304217121961,VCFA203,A2,01,TVP-NAG-RTGS-HDFC,7649786.07,21-Apr-2023,NA,V,,TT,OTH,MARBNG9900120923613942,/,
HDFC210423252,304217130250,VCF02NF,02,01,TVP-NAG-RTGS-HDFC,7058644.41,21-Apr-2023,NA,V,,TT,OTH,MARBNG9900120923613909,/,
HDFC210423252,304217161751,VCF1427,14,01,TVP-NAG-RTGS-HDFC,8968708.16,21-Apr-2023,NA,V,,TT,OTH,MARBNG9900120923613940,/,
HDFC210423252,304217161892,VCF0286,02,01,TVP-NAG-RTGS-HDFC,5960440.23,21-Apr-2023,NA,V,,TT,OTH,MARBNG9900120923613969,/,
HDFC210423252,304217162343,VCF0280,02,01,TVP-NAG-RTGS-HDFC,6836742.73,21-Apr-2023,NA,V,,TT,OTH,MARBNG9900120923613912,/,
HDFC210423252,304217162419,VCF0280,02,01,TVP-NAG-RTGS-HDFC,7201213.01,21-Apr-2023,NA,V,,TT,OTH,MARBNG9900120923613931,/,
HDFC210423252,304217172446,VCF1487,14,01,TVP-NAG-RTGS-HDFC,12655707.71,21-Apr-2023,NA,V,,TT,OTH,MARBNG9900120923613945,/,
HDFC210423252,304217185951,VCF1487,14,01,TVP-NAG-RTGS-HDFC,3181234.12,21-Apr-2023,NA,V,,TT,OTH,MARBNG9900120923613950,/,
HDFC210423252,304217195709,VCF0290,02,01,TVP-NAG-RTGS-HDFC,3614699.31,21-Apr-2023,NA,V,,TT,OTH,MARBNG9900120923613966,/,
HDFC210423252,304217204834,VCF0216,02,01,TVP-NAG-RTGS-HDFC,2838759.85,21-Apr-2023,NA,V,,TT,OTH,MARBNG9900120923613971,/,
HDFC210423252,CNRBR52023042154014429,VCFS101,S1,01,TVP-NAG-RTGS-HDFC,5727801.47,21-Apr-2023,NA,V,,TT,OTH,MARBNG9900120923613915,/,
HDFC210423252,CNRBR52023042154021139,VCFB701,B7,01,TVP-NAG-RTGS-HDFC,3649632.03,21-Apr-2023,NA,V,,TT,OTH,MARBNG9900120923613926,/,
HDFC210423252,CNRBR52023042154021186,VCFS1NA,S1,01,TVP-NAG-RTGS-HDFC,2268805.70,21-Apr-2023,NA,V,,TT,OTH,MARBNG9900120923613908,/,
HDFC210423252,FDRLR52023042133378575,VCF1486,14,01,TVP-NAG-RTGS-HDFC,4006020.36,21-Apr-2023,NA,V,,TT,OTH,MARBNG9900120923613919,/,
HDFC210423252,KKBKR22023042100001143,VCF4502,45,01,TVP-NAG-RTGS-HDFC,2355939.94,21-Apr-2023,NA,V,,TT,OTH,MARBNG9900120923613881,/,
HDFC210423252,KKBKR22023042108446909,VCF2501,25,01,TVP-NAG-RTGS-HDFC,3289976.26,21-Apr-2023,NA,V,,TT,OTH,MARBNG9900120923613941,/,
HDFC210423252,KKBKR22023042108446916,VCF0201,02,01,TVP-NAG-RTGS-HDFC,769334.74,21-Apr-2023,NA,V,,TT,OTH,MARBNG9900120923613958,/,
HDFC210423252,SBINR12023042144939575,VCF4205,42,01,TVP-NAG-RTGS-HDFC,1224203.57,21-Apr-2023,NA,V,,TT,OTH,MARBNG9900120923614011,/,
HDFC210423252,SBINR12023042144941103,VCFS503,S5,01,TVP-NAG-RTGS-HDFC,1919503.40,21-Apr-2023,NA,V,,TT,OTH,MARBNG9900120923613960,/,
HDFC210423252,SBINR12023042144941104,VCF9601,96,01,TVP-NAG-RTGS-HDFC,3579582.54,21-Apr-2023,NA,V,,TT,OTH,MARBNG9900120923614012,/,
HDFC210423252,UBINR22023042101988447,VCFG601,G6,01,TVP-NAG-RTGS-HDFC,8608572.05,21-Apr-2023,NA,V,,TT,OTH,MARBNG9900120923613905,/,
HDFC210423252,UTIBR52023042100732342,VCF02NA,02,01,TVP-NAG-RTGS-HDFC,4815483.38,21-Apr-2023,NA,V,,TT,OTH,MARBNG9900120923613973,/,
HDFC210423252,UTIBR52023042100732343,VCF0291,02,01,TVP-NAG-RTGS-HDFC,1312712.45,21-Apr-2023,NA,V,,TT,OTH,MARBNG9900120923613980,/,
HDFC210423252,UTIBR52023042100732344,VCF0287,02,01,TVP-NAG-RTGS-HDFC,5697036.36,21-Apr-2023,NA,V,,TT,OTH,MARBNG9900120923613981,/,
HDFC210423252,UTIBR52023042100732345,VCF0213,02,01,TVP-NAG-RTGS-HDFC,6095317.38,21-Apr-2023,NA,V,,TT,OTH,MARBNG9900120923613984,/,
HDFC210423252,UTIBR52023042100732346,VCF0211,02,01,TVP-NAG-RTGS-HDFC,6095317.38,21-Apr-2023,NA,V,,TT,OTH,MARBNG9900120923613994,/,
HDFC210423252,UTIBR52023042100732347,VCF0211,02,01,TVP-NAG-RTGS-HDFC,7274111.84,21-Apr-2023,NA,V,,TT,OTH,MARBNG9900120923613991,/,
HDFC210423252,UTIBR52023042100732356,VCF42NB,42,01,TVP-NAG-RTGS-HDFC,829738.30,21-Apr-2023,NA,V,,TT,OTH,MARBNG9900120923613983,/,
