HDFC210423244,SBINR12023042044845427,VCF41ND,41,01,TVP-NAG-RTGS-HDFC,916611.23,21-Apr-2023,NA,V,,TT,OTH,MARBNG9900120923613899,/,
HDFC210423244,SBINR12023042044846280,VCF1490,14,01,TVP-NAG-RTGS-HDFC,464847.23,21-Apr-2023,NA,V,,TT,OTH,MARBNG9900120923613825,/,
HDFC210423244,SBINR12023042044846309,VCF1484,14,01,TVP-NAG-RTGS-HDFC,493847.23,21-Apr-2023,NA,V,,TT,OTH,MARBNG9900120923613818,/,
HDFC210423244,SBINR12023042044846579,VCF1484,14,01,TVP-NAG-RTGS-HDFC,493847.23,21-Apr-2023,NA,V,,TT,OTH,MARBNG9900120923613820,/,
HDFC210423244,SBINR12023042044846790,VCF1484,14,01,TVP-NAG-RTGS-HDFC,696552.22,21-Apr-2023,NA,V,,TT,OTH,MARBNG9900120923613814,/,
