HDFC200423235,ICICR52023042000878375,VCFAN01,AN,01,TVP-NAG-RTGS-HDFC,923402.86,20-Apr-2023,NA,V,,TT,OTH,HDFCIN9900120923427890,/,
HDFC200423235,ICICR52023042000878385,VCF10NG,10,01,TVP-NAG-RTGS-HDFC,7177567.40,20-Apr-2023,NA,V,,TT,OTH,HDFCIN9900120923427875,/,
HDFC200423235,ICICR52023042000878386,VCF10NJ,10,01,TVP-NAG-RTGS-HDFC,710592.24,20-Apr-2023,NA,V,,TT,OTH,HDFCIN9900120923427891,/,
HDFC200423235,SBINR12023042044763720,VCF26NA,26,01,TVP-NAG-RTGS-HDFC,7435992.41,20-Apr-2023,NA,V,,TT,OTH,HDFCIN9900120923427874,/,
HDFC200423235,SBINR12023042044763721,VCF2603,26,01,TVP-NAG-RTGS-HDFC,1952630.71,20-Apr-2023,NA,V,,TT,OTH,HDFCIN9900120923427832,/,
HDFC200423235,SBINR12023042044764779,VCF2603,26,01,TVP-NAG-RTGS-HDFC,26886147.66,20-Apr-2023,NA,V,,TT,OTH,HDFCIN9900120923427880,/,
HDFC200423235,SBINR12023042044764800,VCF2603,26,01,TVP-NAG-RTGS-HDFC,13075730.07,20-Apr-2023,NA,V,,TT,OTH,HDFCIN9900120923427878,/,
HDFC200423235,SBINR12023042044770769,VCF7303,73,01,TVP-NAG-RTGS-HDFC,1816284.94,20-Apr-2023,NA,V,,TT,OTH,HDFCIN9900120923427919,/,
