HDFC190423207,304193837347,VCF2702,27,01,TVP-NAG-RTGS-HDFC,562669.73,19-Apr-2023,NA,V,,TT,OTH,MARBNG9900120923613614,/,
HDFC190423207,304193847604,VCFA204,A2,01,TVP-NAG-RTGS-HDFC,3614357.02,19-Apr-2023,NA,V,,TT,OTH,MARBNG9900120923613610,/,
HDFC190423207,KKBKR22023041908429836,VCF2501,25,01,TVP-NAG-RTGS-HDFC,545650.29,19-Apr-2023,NA,V,,TT,OTH,MARBNG9900120923613604,/,
HDFC190423207,SBINR12023041944428955,VCFY7NA,Y7,01,TVP-NAG-RTGS-HDFC,1307400.60,19-Apr-2023,NA,V,,TT,OTH,MARBNG9900120923613629,/,
HDFC190423207,SBINR12023041944429036,VCF4103,41,01,TVP-NAG-RTGS-HDFC,2247172.48,19-Apr-2023,NA,V,,TT,OTH,MARBNG9900120923613607,/,
HDFC190423207,UTIBR52023041900728062,VCF0293,02,01,TVP-NAG-RTGS-HDFC,4245238.32,19-Apr-2023,NA,V,,TT,OTH,MARBNG9900120923613208,/,
HDFC190423207,UTIBR52023041900728063,VCF0293,02,01,TVP-NAG-RTGS-HDFC,3646378.34,19-Apr-2023,NA,V,,TT,OTH,MARBNG9900120923613209,/,
