HDFC200423238,10517887465,VCFG601,G6,01,TVP-NAG-RTGS-HDFC,7979565.07,20-Apr-2023,NA,V,,TT,OTH,MARBNG9900120923613758,/,
HDFC200423238,10517887466,VCFG6NA,G6,01,TVP-NAG-RTGS-HDFC,653752.23,20-Apr-2023,NA,V,,TT,OTH,MARBNG9900120923613747,/,
HDFC200423238,FDRLR52023042033377068,VCF2709,27,01,TVP-NAG-RTGS-HDFC,1032592.80,20-Apr-2023,NA,V,,TT,OTH,MARBNG9900120923613831,/,
HDFC200423238,FDRLR52023042033377072,VCF2709,27,01,TVP-NAG-RTGS-HDFC,1195668.20,20-Apr-2023,NA,V,,TT,OTH,MARBNG9900120923613123,/,
HDFC200423238,FDRLR52023042033377078,VCF2709,27,01,TVP-NAG-RTGS-HDFC,783168.62,20-Apr-2023,NA,V,,TT,OTH,MARBNG9900120923613832,/,
HDFC200423238,FDRLR52023042033377097,VCF2709,27,01,TVP-NAG-RTGS-HDFC,632674.27,20-Apr-2023,NA,V,,TT,OTH,MARBNG9900120923613817,/,
HDFC200423238,FDRLR52023042033377108,VCF2709,27,01,TVP-NAG-RTGS-HDFC,1017577.79,20-Apr-2023,NA,V,,TT,OTH,MARBNG9900120923613835,/,
HDFC200423238,ICICR52023042000885328,VCFK401,K4,01,TVP-NAG-RTGS-HDFC,3720641.53,20-Apr-2023,NA,V,,TT,OTH,MARBNG9900120923613786,/,
HDFC200423238,ICICR52023042000885330,VCF1411,14,01,TVP-NAG-RTGS-HDFC,1124886.23,20-Apr-2023,NA,V,,TT,OTH,MARBNG9900120923613777,/,
HDFC200423238,ICICR52023042000885333,VCFL301,L3,01,TVP-NAG-RTGS-HDFC,1116928.58,20-Apr-2023,NA,V,,TT,OTH,MARBNG9900120923613790,/,
HDFC200423238,ICICR52023042000885335,VCF5Q01,5Q,01,TVP-NAG-RTGS-HDFC,1436075.67,20-Apr-2023,NA,V,,TT,OTH,MARBNG9900120923613781,/,
HDFC200423238,ICICR52023042000885337,VCF4203,42,01,TVP-NAG-RTGS-HDFC,527268.29,20-Apr-2023,NA,V,,TT,OTH,MARBNG9900120923613783,/,
HDFC200423238,ICICR52023042000885339,VCF4104,41,01,TVP-NAG-RTGS-HDFC,3148617.41,20-Apr-2023,NA,V,,TT,OTH,MARBNG9900120923613779,/,
HDFC200423238,KARBR52023042000821094,VCFH1NA,H1,01,TVP-NAG-RTGS-HDFC,2324214.90,20-Apr-2023,NA,V,,TT,OTH,MARBNG9900120923613636,/,
HDFC200423238,SBINR12023042044789078,VCFC601,C6,01,TVP-NAG-RTGS-HDFC,2466651.45,20-Apr-2023,NA,V,,TT,OTH,MARBNG9900120923613868,/,
HDFC200423238,SBINR12023042044796356,VCFA404,A4,01,TVP-NAG-RTGS-HDFC,1057823.73,20-Apr-2023,NA,V,,TT,OTH,MARBNG9900120923613880,/,
HDFC200423238,SBINR12023042044796441,VCFA404,A4,01,TVP-NAG-RTGS-HDFC,1029064.46,20-Apr-2023,NA,V,,TT,OTH,MARBNG9900120923613879,/,
HDFC200423238,SBINR12023042044796445,VCF45NA,45,01,TVP-NAG-RTGS-HDFC,1366924.47,20-Apr-2023,NA,V,,TT,OTH,MARBNG9900120923613874,/,
HDFC200423238,SBINR12023042044798413,VCFA404,A4,01,TVP-NAG-RTGS-HDFC,4030098.42,20-Apr-2023,NA,V,,TT,OTH,MARBNG9900120923613873,/,
HDFC200423238,SBINR12023042044798473,VCFA404,A4,01,TVP-NAG-RTGS-HDFC,2232179.21,20-Apr-2023,NA,V,,TT,OTH,MARBNG9900120923613877,/,
HDFC200423238,SBINR12023042044800338,VCFA404,A4,01,TVP-NAG-RTGS-HDFC,602412.23,20-Apr-2023,NA,V,,TT,OTH,MARBNG9900120923613875,/,
HDFC200423238,SBINR12023042044800352,VCFA404,A4,01,TVP-NAG-RTGS-HDFC,1055064.46,20-Apr-2023,NA,V,,TT,OTH,MARBNG9900120923613890,/,
HDFC200423238,SBINR12023042044803056,VCFA404,A4,01,TVP-NAG-RTGS-HDFC,3307991.82,20-Apr-2023,NA,V,,TT,OTH,MARBNG9900120923613892,/,
HDFC200423238,SBINR12023042044803057,VCF7Q01,7Q,01,TVP-NAG-RTGS-HDFC,3240030.07,20-Apr-2023,NA,V,,TT,OTH,MARBNG9900120923613894,/,
HDFC200423238,SBINR12023042044803058,VCFA404,A4,01,TVP-NAG-RTGS-HDFC,1019564.46,20-Apr-2023,NA,V,,TT,OTH,MARBNG9900120923613889,/,
HDFC200423238,SBINR12023042044803177,VCFA404,A4,01,TVP-NAG-RTGS-HDFC,515202.22,20-Apr-2023,NA,V,,TT,OTH,MARBNG9900120923613887,/,
HDFC200423238,SBINR12023042044803192,VCFA404,A4,01,TVP-NAG-RTGS-HDFC,1115114.46,20-Apr-2023,NA,V,,TT,OTH,MARBNG9900120923613886,/,
