HDFC190423209,190423101063,VCF14NG,14,01,TVP-NAG-RTGS-HDFC,998908.23,19-Apr-2023,NA,V,,TT,OTH,MARBNG9900120923613606,/,
HDFC190423209,304193870606,VCFY202,Y2,01,TVP-NAG-RTGS-HDFC,1710186.68,19-Apr-2023,NA,V,,TT,OTH,MARBNG9900120923613616,/,
HDFC190423209,304193870820,VCFA204,A2,01,TVP-NAG-RTGS-HDFC,597516.46,19-Apr-2023,NA,V,,TT,OTH,MARBNG9900120923613611,/,
HDFC190423209,304193876393,VCFRO02,RO,01,TVP-NAG-RTGS-HDFC,4483379.37,19-Apr-2023,NA,V,,TT,OTH,MARBNG9900120923613618,/,
HDFC190423209,304193891462,VCF4701,47,01,TVP-NAG-RTGS-HDFC,1717252.19,19-Apr-2023,NA,V,,TT,OTH,MARBNG9900120923613620,/,
HDFC190423209,304193892044,VCFA204,A2,01,TVP-NAG-RTGS-HDFC,5986671.66,19-Apr-2023,NA,V,,TT,OTH,MARBNG9900120923613635,/,
HDFC190423209,304193915935,VCF1602,16,01,TVP-NAG-RTGS-HDFC,3439868.42,19-Apr-2023,NA,V,,TT,OTH,MARBNG9900120923613626,/,
HDFC190423209,FDRLR52023041933372309,VCF1486,14,01,TVP-NAG-RTGS-HDFC,1921006.70,19-Apr-2023,NA,V,,TT,OTH,MARBNG9900120923613592,/,
HDFC190423209,KARBR52023041900641350,VCFH1NA,H1,01,TVP-NAG-RTGS-HDFC,1302825.61,19-Apr-2023,NA,V,,TT,OTH,MARBNG9900120923613633,/,
HDFC190423209,SBINR12023041944440875,VCFE701,E7,01,TVP-NAG-RTGS-HDFC,1927421.16,19-Apr-2023,NA,V,,TT,OTH,MARBNG9900120923613586,/,
HDFC190423209,SBINR12023041944449238,VCF9601,96,01,TVP-NAG-RTGS-HDFC,7717291.84,19-Apr-2023,NA,V,,TT,OTH,MARBNG9900120923613661,/,
HDFC190423209,SBINR12023041944452623,VCF41ND,41,01,TVP-NAG-RTGS-HDFC,686692.24,19-Apr-2023,NA,V,,TT,OTH,MARBNG9900120923613665,/,
HDFC190423209,UTIBR52023041900728314,VCFE7NA,E7,01,TVP-NAG-RTGS-HDFC,1238202.85,19-Apr-2023,NA,V,,TT,OTH,MARBNG9900120923613593,/,
