HDFC200423231,304205631683,VCF1427,14,01,TVP-NAG-RTGS-HDFC,508427.98,20-Apr-2023,NA,V,,TT,OTH,MARBNG9900120923613838,/,
HDFC200423231,304205645206,VCFA203,A2,01,TVP-NAG-RTGS-HDFC,7501416.34,20-Apr-2023,NA,V,,TT,OTH,MARBNG9900120923613854,/,
HDFC200423231,304205657767,VCF1427,14,01,TVP-NAG-RTGS-HDFC,639147.98,20-Apr-2023,NA,V,,TT,OTH,MARBNG9900120923613840,/,
HDFC200423231,FDRLR52023042033376138,VCF2709,27,01,TVP-NAG-RTGS-HDFC,619951.56,20-Apr-2023,NA,V,,TT,OTH,MARBNG9900120923613822,/,
HDFC200423231,FDRLR52023042033376164,VCF2709,27,01,TVP-NAG-RTGS-HDFC,703762.79,20-Apr-2023,NA,V,,TT,OTH,MARBNG9900120923613815,/,
HDFC200423231,KARBR52023042000802637,VCFH101,H1,01,TVP-NAG-RTGS-HDFC,2942877.47,20-Apr-2023,NA,V,,TT,OTH,MARBNG9900120923613775,/,
HDFC200423231,SBINR12023042044732451,VCF2501,25,01,TVP-NAG-RTGS-HDFC,5009795.88,20-Apr-2023,NA,V,,TT,OTH,MARBNG9900120923613824,/,
HDFC200423231,UTIBR52023042000730571,VCF4107,41,01,TVP-NAG-RTGS-HDFC,1758299.68,20-Apr-2023,NA,V,,TT,OTH,MARBNG9900120923613861,/,
