HDFC200423223,304194768353,VCF7301,02,01,TVP-NAG-RTGS-HDFC,18109942.85,20-Apr-2023,NA,V,,TT,OTH,MARBNG9900120923613737,/,
HDFC200423223,CIUBR52023041900410077,VCFS401,S4,01,TVP-NAG-RTGS-HDFC,2021693.94,20-Apr-2023,NA,V,,TT,OTH,MARBNG9900120923613507,/,
HDFC200423223,FDRLR52023042033375025,VCF1607,16,01,TVP-NAG-RTGS-HDFC,3611379.14,20-Apr-2023,NA,V,,TT,OTH,MARBNG9900120923613757,/,
HDFC200423223,FDRLR52023042033375169,VCF7HNA,7H,01,TVP-NAG-RTGS-HDFC,712947.23,20-Apr-2023,NA,V,,TT,OTH,MARBNG9900120923613594,/,
HDFC200423223,UTIBR52023042000729817,VCFA303,A3,01,TVP-NAG-RTGS-HDFC,450680.45,20-Apr-2023,NA,V,,TT,OTH,MARBNG9900120923613756,/,
HDFC200423223,UTIBR52023042000729860,VCF4103,41,01,TVP-NAG-RTGS-HDFC,3071821.13,20-Apr-2023,NA,V,,TT,OTH,MARBNG9900120923613760,/,
