HDFC200423227,SBINR12023042044696490,VCF4301,43,01,TVP-NAG-RTGS-HDFC,6507520.49,20-Apr-2023,NA,V,SBIN,TT,OTH,MARSL29900120123100189,/,
HDFC200423227,SBINR12023042044711046,VCFT1NA,T1,01,TVP-NAG-RTGS-HDFC,655120.31,20-Apr-2023,NA,V,SBIN,TT,OTH,MARSL29900120123100193,/,
HDFC200423227,SBINR12023042044711047,VCF7JNA,7J,01,TVP-NAG-RTGS-HDFC,1191400.60,20-Apr-2023,NA,V,SBIN,TT,OTH,MARSL29900120123100194,/,
HDFC200423227,UTIBR52023042000730053,VCF8501,09,01,TVP-NAG-RTGS-HDFC,1962148.39,20-Apr-2023,NA,V,UTIB,TT,OTH,MARSL29900120123100186,/,
HDFC200423227,UTIBR52023042000730219,VCFBWZ1,BWZ,01,TVP-NAG-RTGS-HDFC,3819915.68,20-Apr-2023,NA,V,UTIB,TT,OTH,MARSL29900120123100190,/,
HDFC200423227,UTIBR52023042000730220,VCF0905,09,01,TVP-NAG-RTGS-HDFC,8768388.01,20-Apr-2023,NA,V,UTIB,TT,OTH,MARSL29900120123100066,/,
