HDFC200423226,304205524816,VCF0218,02,01,TVP-NAG-RTGS-HDFC,5317417.85,20-Apr-2023,NA,V,,TT,OTH,MARBNG9900120923613799,/,
HDFC200423226,304205553773,VCF0286,02,01,TVP-NAG-RTGS-HDFC,4929547.12,20-Apr-2023,NA,V,,TT,OTH,MARBNG9900120923613800,/,
HDFC200423226,304205573756,VCF0290,02,01,TVP-NAG-RTGS-HDFC,6587384.79,20-Apr-2023,NA,V,,TT,OTH,MARBNG9900120923613804,/,
HDFC200423226,304205578454,VCF1427,14,01,TVP-NAG-RTGS-HDFC,9062906.95,20-Apr-2023,NA,V,,TT,OTH,MARBNG9900120923613809,/,
HDFC200423226,BARBR52023042000754297,VCFB801,B8,01,TVP-NAG-RTGS-HDFC,6367435.09,20-Apr-2023,NA,V,,TT,OTH,MARBNG9900120923613776,/,
HDFC200423226,BARBR52023042000754501,VCFY501,Y5,01,TVP-NAG-RTGS-HDFC,3617241.59,20-Apr-2023,NA,V,,TT,OTH,MARBNG9900120923613782,/,
HDFC200423226,BARBR52023042000754503,VCFW801,W8,01,TVP-NAG-RTGS-HDFC,3754923.82,20-Apr-2023,NA,V,,TT,OTH,MARBNG9900120923613778,/,
HDFC200423226,BARBR52023042000761710,VCF0216,02,01,TVP-NAG-RTGS-HDFC,1966834.97,20-Apr-2023,NA,V,,TT,OTH,MARBNG9900120923613794,/,
HDFC200423226,BARBR52023042000761711,VCF0217,02,01,TVP-NAG-RTGS-HDFC,3885748.38,20-Apr-2023,NA,V,,TT,OTH,MARBNG9900120923613795,/,
HDFC200423226,BARBR52023042000761714,VCF0218,02,01,TVP-NAG-RTGS-HDFC,9155446.21,20-Apr-2023,NA,V,,TT,OTH,MARBNG9900120923613798,/,
HDFC200423226,FDRLR52023042033375378,VCF3L01,3L,01,TVP-NAG-RTGS-HDFC,12238252.16,20-Apr-2023,NA,V,,TT,OTH,MARBNG9900120923613774,/,
HDFC200423226,FDRLR52023042033375505,VCFY5NA,Y5,01,TVP-NAG-RTGS-HDFC,1076552.85,20-Apr-2023,NA,V,,TT,OTH,MARBNG9900120923613784,/,
HDFC200423226,FDRLR52023042033375575,VCF7H01,7H,01,TVP-NAG-RTGS-HDFC,8687626.74,20-Apr-2023,NA,V,,TT,OTH,MARBNG9900120923613808,/,
HDFC200423226,FDRLR52023042033375658,VCF14NH,14,01,TVP-NAG-RTGS-HDFC,712592.23,20-Apr-2023,NA,V,,TT,OTH,MARBNG9900120923613802,/,
HDFC200423226,FDRLR52023042033375664,VCF1486,14,01,TVP-NAG-RTGS-HDFC,3530172.11,20-Apr-2023,NA,V,,TT,OTH,MARBNG9900120923613801,/,
HDFC200423226,SBINR12023042044663826,VCF1607,16,01,TVP-NAG-RTGS-HDFC,4455804.49,20-Apr-2023,NA,V,,TT,OTH,MARBNG9900120923613772,/,
HDFC200423226,SBINR12023042044666356,VCF2702,27,01,TVP-NAG-RTGS-HDFC,8551404.02,20-Apr-2023,NA,V,,TT,OTH,MARBNG9900120923613764,/,
HDFC200423226,SBINR12023042044667827,VCF7E01,7E,01,TVP-NAG-RTGS-HDFC,2324523.18,20-Apr-2023,NA,V,,TT,OTH,MARBNG9900120923613767,/,
HDFC200423226,SBINR12023042044667846,VCF1602,16,01,TVP-NAG-RTGS-HDFC,3541748.65,20-Apr-2023,NA,V,,TT,OTH,MARBNG9900120923613769,/,
HDFC200423226,SBINR12023042044668476,VCFRO02,RO,01,TVP-NAG-RTGS-HDFC,1483409.47,20-Apr-2023,NA,V,,TT,OTH,MARBNG9900120923613766,/,
HDFC200423226,SBINR12023042044668477,VCF4701,47,01,TVP-NAG-RTGS-HDFC,858769.73,20-Apr-2023,NA,V,,TT,OTH,MARBNG9900120923613768,/,
HDFC200423226,SBINR12023042044670733,VCFY4NA,Y4,01,TVP-NAG-RTGS-HDFC,655172.24,20-Apr-2023,NA,V,,TT,OTH,MARBNG9900120923613771,/,
HDFC200423226,SBINR12023042044674814,VCFX602,X6,01,TVP-NAG-RTGS-HDFC,3877616.58,20-Apr-2023,NA,V,,TT,OTH,MARBNG9900120923613751,/,
HDFC200423226,SBINR12023042044674815,VCFX602,X6,01,TVP-NAG-RTGS-HDFC,2830574.99,20-Apr-2023,NA,V,,TT,OTH,MARBNG9900120923613753,/,
HDFC200423226,SBINR12023042044675674,VCF4207,42,01,TVP-NAG-RTGS-HDFC,3126518.79,20-Apr-2023,NA,V,,TT,OTH,MARBNG9900120923613752,/,
HDFC200423226,SBINR12023042044714553,VCF1404,14,01,TVP-NAG-RTGS-HDFC,2790057.95,20-Apr-2023,NA,V,,TT,OTH,MARBNG9900120923613816,/,
HDFC200423226,SBINR12023042044714575,VCF1404,14,01,TVP-NAG-RTGS-HDFC,2401908.88,20-Apr-2023,NA,V,,TT,OTH,MARBNG9900120923613827,/,
HDFC200423226,SBINR12023042044714578,VCF1484,14,01,TVP-NAG-RTGS-HDFC,493847.23,20-Apr-2023,NA,V,,TT,OTH,MARBNG9900120923613168,/,
HDFC200423226,SBINR12023042044714585,VCF1490,14,01,TVP-NAG-RTGS-HDFC,464847.23,20-Apr-2023,NA,V,,TT,OTH,MARBNG9900120923613169,/,
HDFC200423226,SBINR12023042044716233,VCF1480,14,01,TVP-NAG-RTGS-HDFC,2447694.67,20-Apr-2023,NA,V,,TT,OTH,MARBNG9900120923613839,/,
HDFC200423226,UTIBR52023042000730071,VCFB701,B7,01,TVP-NAG-RTGS-HDFC,9473321.92,20-Apr-2023,NA,V,,TT,OTH,MARBNG9900120923613765,/,
HDFC200423226,UTIBR52023042000730083,VCF0205,02,01,TVP-NAG-RTGS-HDFC,4031293.41,20-Apr-2023,NA,V,,TT,OTH,MARBNG9900120923613667,/,
HDFC200423226,UTIBR52023042000730084,VCF0205,02,01,TVP-NAG-RTGS-HDFC,3395794.64,20-Apr-2023,NA,V,,TT,OTH,MARBNG9900120923613670,/,
HDFC200423226,UTIBR52023042000730085,VCF0219,02,01,TVP-NAG-RTGS-HDFC,1667379.46,20-Apr-2023,NA,V,,TT,OTH,MARBNG9900120923613674,/,
HDFC200423226,UTIBR52023042000730305,VCF02NG,02,01,TVP-NAG-RTGS-HDFC,3808901.92,20-Apr-2023,NA,V,,TT,OTH,MARBNG9900120923613754,/,
HDFC200423226,UTIBR52023042000730307,VCF02NM,02,01,TVP-NAG-RTGS-HDFC,2967124.69,20-Apr-2023,NA,V,,TT,OTH,MARBNG9900120923613755,/,
HDFC200423226,UTIBR52023042000730308,VCF0292,02,01,TVP-NAG-RTGS-HDFC,4763253.38,20-Apr-2023,NA,V,,TT,OTH,MARBNG9900120923613749,/,
