Transaction ID,Product,Remitter Name,Remitter A/C No,Remitter Bank Name,UTR No,Amount,IFSC Code,Dealer Virtual A/C No
5102400037,FUND TRANS,AMITDEEP MOTORS WORKSHOP,/50200054818822,HDFC BANK LTD,FT2797696120,1035907.18,HDFC0000240,HDFCIN9900120924456361
5102400038,RTGS,Mumbai,/00000007837205917,INDIAN BANK,IDIBR52024100541443582,5566743.77,IDIB000B027,HDFCIN9900120924456983F
5102400039,RTGS,Mumbai,/00000007835216239,INDIAN BANK,IDIBR52024100541443612,8842671.54,IDIB000B027,HDFCIN9900120924456987F
5102400040,RTGS,JAYABHERI AUTOMOTIVES PVT LTD VCF10,/35664993731,STATE BANK OF INDIA,SBINR12024100553059062,6864167.43,SBIN0008974,HDFCIN9900120924456944F
5102400041,NEFT,TANYA AUTOMOBILES PRIVATE LIMITED,/010251008677,ICICI BANK LTD,DISB051020240037,5183815.75,ICIC0000102,HDFCIN9900120924456974F
5102400042,RTGS,JAYABHERI AUTOMOTIVES PVT LTD,/41757137188,STATE BANK OF INDIA,SBINR12024100553063913,2601865.51,SBIN0008974,HDFCIN9900120924456945F
5102400043,FUND TRANS,DOCUMENTARY SERVICES SUSPENSE ,/02400930001386,HDFC BANK LTD,410056497246,1130901.7,HDFC0000240,HDFCIN9900120924457018F
